--
-- PostgreSQL database dump
--

-- Dumped from database version 15.2
-- Dumped by pg_dump version 15.2

SET statement_timeout = 0;
SET lock_timeout = 0;
SET idle_in_transaction_session_timeout = 0;
SET client_encoding = 'UTF8';
SET standard_conforming_strings = on;
SELECT pg_catalog.set_config('search_path', '', false);
SET check_function_bodies = false;
SET xmloption = content;
SET client_min_messages = warning;
SET row_security = off;

SET default_tablespace = '';

SET default_table_access_method = heap;

--
-- Name: auth_group; Type: TABLE; Schema: public; Owner: postgres
--

CREATE TABLE public.auth_group (
    id integer NOT NULL,
    name character varying(150) NOT NULL
);


ALTER TABLE public.auth_group OWNER TO postgres;

--
-- Name: auth_group_id_seq; Type: SEQUENCE; Schema: public; Owner: postgres
--

ALTER TABLE public.auth_group ALTER COLUMN id ADD GENERATED BY DEFAULT AS IDENTITY (
    SEQUENCE NAME public.auth_group_id_seq
    START WITH 1
    INCREMENT BY 1
    NO MINVALUE
    NO MAXVALUE
    CACHE 1
);


--
-- Name: auth_group_permissions; Type: TABLE; Schema: public; Owner: postgres
--

CREATE TABLE public.auth_group_permissions (
    id bigint NOT NULL,
    group_id integer NOT NULL,
    permission_id integer NOT NULL
);


ALTER TABLE public.auth_group_permissions OWNER TO postgres;

--
-- Name: auth_group_permissions_id_seq; Type: SEQUENCE; Schema: public; Owner: postgres
--

ALTER TABLE public.auth_group_permissions ALTER COLUMN id ADD GENERATED BY DEFAULT AS IDENTITY (
    SEQUENCE NAME public.auth_group_permissions_id_seq
    START WITH 1
    INCREMENT BY 1
    NO MINVALUE
    NO MAXVALUE
    CACHE 1
);


--
-- Name: auth_permission; Type: TABLE; Schema: public; Owner: postgres
--

CREATE TABLE public.auth_permission (
    id integer NOT NULL,
    name character varying(255) NOT NULL,
    content_type_id integer NOT NULL,
    codename character varying(100) NOT NULL
);


ALTER TABLE public.auth_permission OWNER TO postgres;

--
-- Name: auth_permission_id_seq; Type: SEQUENCE; Schema: public; Owner: postgres
--

ALTER TABLE public.auth_permission ALTER COLUMN id ADD GENERATED BY DEFAULT AS IDENTITY (
    SEQUENCE NAME public.auth_permission_id_seq
    START WITH 1
    INCREMENT BY 1
    NO MINVALUE
    NO MAXVALUE
    CACHE 1
);


--
-- Name: auth_user; Type: TABLE; Schema: public; Owner: postgres
--

CREATE TABLE public.auth_user (
    id integer NOT NULL,
    password character varying(128) NOT NULL,
    last_login timestamp with time zone,
    is_superuser boolean NOT NULL,
    username character varying(150) NOT NULL,
    first_name character varying(150) NOT NULL,
    last_name character varying(150) NOT NULL,
    email character varying(254) NOT NULL,
    is_staff boolean NOT NULL,
    is_active boolean NOT NULL,
    date_joined timestamp with time zone NOT NULL
);


ALTER TABLE public.auth_user OWNER TO postgres;

--
-- Name: auth_user_groups; Type: TABLE; Schema: public; Owner: postgres
--

CREATE TABLE public.auth_user_groups (
    id bigint NOT NULL,
    user_id integer NOT NULL,
    group_id integer NOT NULL
);


ALTER TABLE public.auth_user_groups OWNER TO postgres;

--
-- Name: auth_user_groups_id_seq; Type: SEQUENCE; Schema: public; Owner: postgres
--

ALTER TABLE public.auth_user_groups ALTER COLUMN id ADD GENERATED BY DEFAULT AS IDENTITY (
    SEQUENCE NAME public.auth_user_groups_id_seq
    START WITH 1
    INCREMENT BY 1
    NO MINVALUE
    NO MAXVALUE
    CACHE 1
);


--
-- Name: auth_user_id_seq; Type: SEQUENCE; Schema: public; Owner: postgres
--

ALTER TABLE public.auth_user ALTER COLUMN id ADD GENERATED BY DEFAULT AS IDENTITY (
    SEQUENCE NAME public.auth_user_id_seq
    START WITH 1
    INCREMENT BY 1
    NO MINVALUE
    NO MAXVALUE
    CACHE 1
);


--
-- Name: auth_user_user_permissions; Type: TABLE; Schema: public; Owner: postgres
--

CREATE TABLE public.auth_user_user_permissions (
    id bigint NOT NULL,
    user_id integer NOT NULL,
    permission_id integer NOT NULL
);


ALTER TABLE public.auth_user_user_permissions OWNER TO postgres;

--
-- Name: auth_user_user_permissions_id_seq; Type: SEQUENCE; Schema: public; Owner: postgres
--

ALTER TABLE public.auth_user_user_permissions ALTER COLUMN id ADD GENERATED BY DEFAULT AS IDENTITY (
    SEQUENCE NAME public.auth_user_user_permissions_id_seq
    START WITH 1
    INCREMENT BY 1
    NO MINVALUE
    NO MAXVALUE
    CACHE 1
);


--
-- Name: django_admin_log; Type: TABLE; Schema: public; Owner: postgres
--

CREATE TABLE public.django_admin_log (
    id integer NOT NULL,
    action_time timestamp with time zone NOT NULL,
    object_id text,
    object_repr character varying(200) NOT NULL,
    action_flag smallint NOT NULL,
    change_message text NOT NULL,
    content_type_id integer,
    user_id integer NOT NULL,
    CONSTRAINT django_admin_log_action_flag_check CHECK ((action_flag >= 0))
);


ALTER TABLE public.django_admin_log OWNER TO postgres;

--
-- Name: django_admin_log_id_seq; Type: SEQUENCE; Schema: public; Owner: postgres
--

ALTER TABLE public.django_admin_log ALTER COLUMN id ADD GENERATED BY DEFAULT AS IDENTITY (
    SEQUENCE NAME public.django_admin_log_id_seq
    START WITH 1
    INCREMENT BY 1
    NO MINVALUE
    NO MAXVALUE
    CACHE 1
);


--
-- Name: django_content_type; Type: TABLE; Schema: public; Owner: postgres
--

CREATE TABLE public.django_content_type (
    id integer NOT NULL,
    app_label character varying(100) NOT NULL,
    model character varying(100) NOT NULL
);


ALTER TABLE public.django_content_type OWNER TO postgres;

--
-- Name: django_content_type_id_seq; Type: SEQUENCE; Schema: public; Owner: postgres
--

ALTER TABLE public.django_content_type ALTER COLUMN id ADD GENERATED BY DEFAULT AS IDENTITY (
    SEQUENCE NAME public.django_content_type_id_seq
    START WITH 1
    INCREMENT BY 1
    NO MINVALUE
    NO MAXVALUE
    CACHE 1
);


--
-- Name: django_migrations; Type: TABLE; Schema: public; Owner: postgres
--

CREATE TABLE public.django_migrations (
    id bigint NOT NULL,
    app character varying(255) NOT NULL,
    name character varying(255) NOT NULL,
    applied timestamp with time zone NOT NULL
);


ALTER TABLE public.django_migrations OWNER TO postgres;

--
-- Name: django_migrations_id_seq; Type: SEQUENCE; Schema: public; Owner: postgres
--

ALTER TABLE public.django_migrations ALTER COLUMN id ADD GENERATED BY DEFAULT AS IDENTITY (
    SEQUENCE NAME public.django_migrations_id_seq
    START WITH 1
    INCREMENT BY 1
    NO MINVALUE
    NO MAXVALUE
    CACHE 1
);


--
-- Name: django_session; Type: TABLE; Schema: public; Owner: postgres
--

CREATE TABLE public.django_session (
    session_key character varying(40) NOT NULL,
    session_data text NOT NULL,
    expire_date timestamp with time zone NOT NULL
);


ALTER TABLE public.django_session OWNER TO postgres;

--
-- Name: reactivos_destinos; Type: TABLE; Schema: public; Owner: postgres
--

CREATE TABLE public.reactivos_destinos (
    id bigint NOT NULL,
    name character varying(30) NOT NULL
);


ALTER TABLE public.reactivos_destinos OWNER TO postgres;

--
-- Name: reactivos_destinos_id_seq; Type: SEQUENCE; Schema: public; Owner: postgres
--

ALTER TABLE public.reactivos_destinos ALTER COLUMN id ADD GENERATED BY DEFAULT AS IDENTITY (
    SEQUENCE NAME public.reactivos_destinos_id_seq
    START WITH 1
    INCREMENT BY 1
    NO MINVALUE
    NO MAXVALUE
    CACHE 1
);


--
-- Name: reactivos_marcas; Type: TABLE; Schema: public; Owner: postgres
--

CREATE TABLE public.reactivos_marcas (
    id bigint NOT NULL,
    name character varying(30) NOT NULL
);


ALTER TABLE public.reactivos_marcas OWNER TO postgres;

--
-- Name: reactivos_marcas_id_seq; Type: SEQUENCE; Schema: public; Owner: postgres
--

ALTER TABLE public.reactivos_marcas ALTER COLUMN id ADD GENERATED BY DEFAULT AS IDENTITY (
    SEQUENCE NAME public.reactivos_marcas_id_seq
    START WITH 1
    INCREMENT BY 1
    NO MINVALUE
    NO MAXVALUE
    CACHE 1
);


--
-- Name: reactivos_reactivos; Type: TABLE; Schema: public; Owner: postgres
--

CREATE TABLE public.reactivos_reactivos (
    id bigint NOT NULL,
    color integer NOT NULL,
    number character varying(5) NOT NULL,
    subnumber character varying(3) NOT NULL,
    code character varying(255) NOT NULL,
    unit_id bigint NOT NULL,
    name character varying(255) NOT NULL,
    is_active boolean NOT NULL,
    cas character varying(20) NOT NULL,
    is_liquid character varying(3) NOT NULL,
    wlocation character varying(255) NOT NULL,
    CONSTRAINT reactivos_reactivo_color_check CHECK ((color >= 0))
);


ALTER TABLE public.reactivos_reactivos OWNER TO postgres;

--
-- Name: reactivos_reactivo_id_seq; Type: SEQUENCE; Schema: public; Owner: postgres
--

ALTER TABLE public.reactivos_reactivos ALTER COLUMN id ADD GENERATED BY DEFAULT AS IDENTITY (
    SEQUENCE NAME public.reactivos_reactivo_id_seq
    START WITH 1
    INCREMENT BY 1
    NO MINVALUE
    NO MAXVALUE
    CACHE 1
);


--
-- Name: reactivos_responsables; Type: TABLE; Schema: public; Owner: postgres
--

CREATE TABLE public.reactivos_responsables (
    id bigint NOT NULL,
    name character varying(255) NOT NULL,
    mail character varying(255) NOT NULL,
    phone bigint NOT NULL,
    is_active boolean NOT NULL
);


ALTER TABLE public.reactivos_responsables OWNER TO postgres;

--
-- Name: reactivos_responsables_id_seq; Type: SEQUENCE; Schema: public; Owner: postgres
--

ALTER TABLE public.reactivos_responsables ALTER COLUMN id ADD GENERATED BY DEFAULT AS IDENTITY (
    SEQUENCE NAME public.reactivos_responsables_id_seq
    START WITH 1
    INCREMENT BY 1
    NO MINVALUE
    NO MAXVALUE
    CACHE 1
);


--
-- Name: reactivos_salidas; Type: TABLE; Schema: public; Owner: postgres
--

CREATE TABLE public.reactivos_salidas (
    id bigint NOT NULL,
    date timestamp with time zone NOT NULL,
    reference character varying(255) NOT NULL,
    weight numeric(10,4) NOT NULL,
    is_liquid character varying(3) NOT NULL,
    observations text NOT NULL,
    destination_id bigint NOT NULL,
    manager_id bigint NOT NULL,
    name_id bigint NOT NULL,
    trademark_id bigint NOT NULL,
    location_id bigint NOT NULL
);


ALTER TABLE public.reactivos_salidas OWNER TO postgres;

--
-- Name: reactivos_salidas_id_seq; Type: SEQUENCE; Schema: public; Owner: postgres
--

ALTER TABLE public.reactivos_salidas ALTER COLUMN id ADD GENERATED BY DEFAULT AS IDENTITY (
    SEQUENCE NAME public.reactivos_salidas_id_seq
    START WITH 1
    INCREMENT BY 1
    NO MINVALUE
    NO MAXVALUE
    CACHE 1
);


--
-- Name: reactivos_ubicaciones; Type: TABLE; Schema: public; Owner: postgres
--

CREATE TABLE public.reactivos_ubicaciones (
    id bigint NOT NULL,
    name character varying(100) NOT NULL
);


ALTER TABLE public.reactivos_ubicaciones OWNER TO postgres;

--
-- Name: reactivos_ubicaciones_id_seq; Type: SEQUENCE; Schema: public; Owner: postgres
--

ALTER TABLE public.reactivos_ubicaciones ALTER COLUMN id ADD GENERATED BY DEFAULT AS IDENTITY (
    SEQUENCE NAME public.reactivos_ubicaciones_id_seq
    START WITH 1
    INCREMENT BY 1
    NO MINVALUE
    NO MAXVALUE
    CACHE 1
);


--
-- Name: reactivos_unidades; Type: TABLE; Schema: public; Owner: postgres
--

CREATE TABLE public.reactivos_unidades (
    id bigint NOT NULL,
    name character varying(20) NOT NULL
);


ALTER TABLE public.reactivos_unidades OWNER TO postgres;

--
-- Name: reactivos_unity_id_seq; Type: SEQUENCE; Schema: public; Owner: postgres
--

ALTER TABLE public.reactivos_unidades ALTER COLUMN id ADD GENERATED BY DEFAULT AS IDENTITY (
    SEQUENCE NAME public.reactivos_unity_id_seq
    START WITH 1
    INCREMENT BY 1
    NO MINVALUE
    NO MAXVALUE
    CACHE 1
);


--
-- Data for Name: auth_group; Type: TABLE DATA; Schema: public; Owner: postgres
--

COPY public.auth_group (id, name) FROM stdin;
\.


--
-- Data for Name: auth_group_permissions; Type: TABLE DATA; Schema: public; Owner: postgres
--

COPY public.auth_group_permissions (id, group_id, permission_id) FROM stdin;
\.


--
-- Data for Name: auth_permission; Type: TABLE DATA; Schema: public; Owner: postgres
--

COPY public.auth_permission (id, name, content_type_id, codename) FROM stdin;
1	Can add log entry	1	add_logentry
2	Can change log entry	1	change_logentry
3	Can delete log entry	1	delete_logentry
4	Can view log entry	1	view_logentry
5	Can add permission	2	add_permission
6	Can change permission	2	change_permission
7	Can delete permission	2	delete_permission
8	Can view permission	2	view_permission
9	Can add group	3	add_group
10	Can change group	3	change_group
11	Can delete group	3	delete_group
12	Can view group	3	view_group
13	Can add user	4	add_user
14	Can change user	4	change_user
15	Can delete user	4	delete_user
16	Can view user	4	view_user
17	Can add content type	5	add_contenttype
18	Can change content type	5	change_contenttype
19	Can delete content type	5	delete_contenttype
20	Can view content type	5	view_contenttype
21	Can add session	6	add_session
22	Can change session	6	change_session
23	Can delete session	6	delete_session
24	Can view session	6	view_session
25	Can add unity	7	add_unity
26	Can change unity	7	change_unity
27	Can delete unity	7	delete_unity
28	Can view unity	7	view_unity
29	Can add reactive	8	add_reactive
30	Can change reactive	8	change_reactive
31	Can delete reactive	8	delete_reactive
32	Can view reactive	8	view_reactive
33	Can add reactivos	8	add_reactivos
34	Can change reactivos	8	change_reactivos
35	Can delete reactivos	8	delete_reactivos
36	Can view reactivos	8	view_reactivos
37	Can add unidades	7	add_unidades
38	Can change unidades	7	change_unidades
39	Can delete unidades	7	delete_unidades
40	Can view unidades	7	view_unidades
41	Can add Marca	9	add_marcas
42	Can change Marca	9	change_marcas
43	Can delete Marca	9	delete_marcas
44	Can view Marca	9	view_marcas
45	Can add Destino	10	add_destinos
46	Can change Destino	10	change_destinos
47	Can delete Destino	10	delete_destinos
48	Can view Destino	10	view_destinos
49	Can add Asignatura	11	add_asignaturas
50	Can change Asignatura	11	change_asignaturas
51	Can delete Asignatura	11	delete_asignaturas
52	Can view Asignatura	11	view_asignaturas
53	Can add Responsable	12	add_responsables
54	Can change Responsable	12	change_responsables
55	Can delete Responsable	12	delete_responsables
56	Can view Responsable	12	view_responsables
57	Can add Salida	13	add_salidas
58	Can change Salida	13	change_salidas
59	Can delete Salida	13	delete_salidas
60	Can view Salida	13	view_salidas
61	Can add Ubicación	14	add_ubicaciones
62	Can change Ubicación	14	change_ubicaciones
63	Can delete Ubicación	14	delete_ubicaciones
64	Can view Ubicación	14	view_ubicaciones
\.


--
-- Data for Name: auth_user; Type: TABLE DATA; Schema: public; Owner: postgres
--

COPY public.auth_user (id, password, last_login, is_superuser, username, first_name, last_name, email, is_staff, is_active, date_joined) FROM stdin;
1	pbkdf2_sha256$600000$4wsQH1Ro9M4uhCq8v47hO6$Ty6XZV/j178VpwfFICIpv/bDIXyzr9IZJs04amV0z/4=	2023-04-26 09:08:53.275751-05	t	superadmin	Andrés	Rivera	mriveragi@unal.edu.co	t	t	2023-04-11 13:19:36-05
\.


--
-- Data for Name: auth_user_groups; Type: TABLE DATA; Schema: public; Owner: postgres
--

COPY public.auth_user_groups (id, user_id, group_id) FROM stdin;
\.


--
-- Data for Name: auth_user_user_permissions; Type: TABLE DATA; Schema: public; Owner: postgres
--

COPY public.auth_user_user_permissions (id, user_id, permission_id) FROM stdin;
\.


--
-- Data for Name: django_admin_log; Type: TABLE DATA; Schema: public; Owner: postgres
--

COPY public.django_admin_log (id, action_time, object_id, object_repr, action_flag, change_message, content_type_id, user_id) FROM stdin;
1	2023-04-11 13:23:17.51677-05	1	superadmin	2	[{"changed": {"fields": ["First name", "Last name"]}}]	4	1
2	2023-04-11 14:46:28.302613-05	2	Acido Acetilsalisilico	2	[{"changed": {"fields": ["Name"]}}]	8	1
3	2023-04-11 14:56:01.437026-05	3	Thinner	1	[{"added": {}}]	8	1
4	2023-04-11 14:56:57.529855-05	3	ml	1	[{"added": {}}]	7	1
5	2023-04-12 12:02:52.637058-05	1	Acido Ascorbico	3		8	1
6	2023-04-12 12:02:52.658007-05	2	Acido Acetilsalisilico	3		8	1
7	2023-04-12 12:02:52.659997-05	3	Thinner	3		8	1
8	2023-04-12 12:02:52.66199-05	4	Dióxido de Potasio 	3		8	1
9	2023-04-12 12:02:52.666979-05	5	Dióxido de Potasio 	3		8	1
10	2023-04-12 12:02:52.668972-05	6	Peróxido de Titanio	3		8	1
11	2023-04-12 12:02:52.670966-05	7	Peróxido de Aluminio	3		8	1
12	2023-04-12 12:02:52.671963-05	8	Uranio 555	3		8	1
13	2023-04-12 12:02:52.67296-05	9	Uranio	3		8	1
14	2023-04-12 12:02:52.674955-05	10	Thinner	3		8	1
15	2023-04-12 12:03:10.381534-05	11	Dióxido de Potasio 	3		8	1
16	2023-04-12 12:03:10.385489-05	12	Dióxido de Uranio	3		8	1
17	2023-04-12 12:03:10.388914-05	13	Thinner	3		8	1
18	2023-04-12 12:03:10.390577-05	14	Mariel Andrés 	3		8	1
19	2023-04-12 12:03:10.392419-05	15	Thinner	3		8	1
20	2023-04-12 12:03:10.394521-05	16	Uranio 666	3		8	1
21	2023-04-12 12:03:10.395524-05	17	Uranio	3		8	1
22	2023-04-12 12:03:10.397517-05	18	Uranio	3		8	1
23	2023-04-12 12:03:10.399055-05	19	Uranio 666	3		8	1
24	2023-04-21 09:22:48.757464-05	1	BDH	1	[{"added": {}}]	9	1
25	2023-04-21 09:31:45.942113-05	20	Dióxido de Potasio	1	[{"added": {}}]	8	1
26	2023-04-21 10:55:45.97686-05	2	cm2	3		9	1
27	2023-04-21 11:13:59.153866-05	1	Docencia	1	[{"added": {}}]	10	1
28	2023-04-21 11:21:14.792841-05	4	Investigación	3		9	1
29	2023-04-24 15:02:37.179711-05	21	Aluminio Carbono 55%	3		8	1
30	2023-04-24 15:50:52.749415-05	4	Dióxido de Potasio 	3		12	1
31	2023-04-24 15:50:52.836555-05	5	Dióxido de Potasio 	3		12	1
32	2023-04-24 15:50:52.838574-05	6	Dióxido de Potasio 	3		12	1
33	2023-04-26 09:09:52.804458-05	8	Mariel Andrés Rivera Giraldo	1	[{"added": {}}]	12	1
34	2023-04-26 16:23:28.037843-05	1	g	3		7	1
35	2023-04-26 16:23:28.039147-05	2	Ampolla	3		7	1
36	2023-04-26 16:23:28.040148-05	3	ml	3		7	1
37	2023-04-26 16:23:28.041826-05	4	cm2	3		7	1
38	2023-04-26 16:23:28.04274-05	5	m3	3		7	1
39	2023-04-26 16:23:37.881767-05	7	Fabio Segura	3		12	1
40	2023-04-26 16:23:37.908169-05	8	Mariel Andrés Rivera Giraldo	3		12	1
41	2023-04-26 16:23:57.158751-05	1	BDH	3		9	1
42	2023-04-26 16:23:57.183254-05	3	Biopack	3		9	1
43	2023-04-26 16:23:57.184275-05	5	Oswaldo	3		9	1
44	2023-04-26 16:24:19.971954-05	1	Docencia	3		10	1
45	2023-04-26 16:24:19.993894-05	2	Investigación	3		10	1
46	2023-04-26 16:24:19.996908-05	3	Extensión	3		10	1
47	2023-04-26 16:24:28.775147-05	1	Química de estado sólido	3		11	1
48	2023-04-27 16:16:46.207777-05	6	BDH	1	[{"added": {}}]	9	1
49	2023-04-27 16:16:59.142844-05	7	Biopack	1	[{"added": {}}]	9	1
50	2023-04-27 16:17:10.626579-05	8	Carlo Erba	1	[{"added": {}}]	9	1
51	2023-04-27 16:17:17.360596-05	9	Fisher	1	[{"added": {}}]	9	1
52	2023-04-27 16:26:24.601012-05	6	g	1	[{"added": {}}]	7	1
53	2023-04-27 16:26:28.934046-05	7	kg	1	[{"added": {}}]	7	1
54	2023-04-27 16:26:33.146075-05	8	ml	1	[{"added": {}}]	7	1
55	2023-04-27 16:26:36.926102-05	9	l	1	[{"added": {}}]	7	1
56	2023-04-28 13:13:35.202139-05	4	Docencia	1	[{"added": {}}]	10	1
57	2023-04-28 13:13:42.901281-05	5	Investigación	1	[{"added": {}}]	10	1
58	2023-04-28 13:13:48.756246-05	6	Extensión	1	[{"added": {}}]	10	1
59	2023-04-28 13:14:07.226757-05	2	Química Analítica	1	[{"added": {}}]	11	1
60	2023-04-28 13:14:20.332624-05	3	Física del estado sólido	1	[{"added": {}}]	11	1
61	2023-04-28 13:14:33.295217-05	4	Química Cuántica	1	[{"added": {}}]	11	1
62	2023-04-28 13:15:09.689278-05	9	Cristian Dallos	1	[{"added": {}}]	12	1
63	2023-04-28 13:15:29.336979-05	10	Camilo Salgado	1	[{"added": {}}]	12	1
64	2023-04-28 13:15:53.355058-05	11	Andrés Rivera Giraldo	1	[{"added": {}}]	12	1
65	2023-04-28 13:15:58.62768-05	11	Andrés Rivera Giraldo	2	[]	12	1
66	2023-05-02 13:55:10.219154-05	7	No Aplica	1	[{"added": {}}]	10	1
\.


--
-- Data for Name: django_content_type; Type: TABLE DATA; Schema: public; Owner: postgres
--

COPY public.django_content_type (id, app_label, model) FROM stdin;
1	admin	logentry
2	auth	permission
3	auth	group
4	auth	user
5	contenttypes	contenttype
6	sessions	session
8	reactivos	reactivos
7	reactivos	unidades
9	reactivos	marcas
10	reactivos	destinos
11	reactivos	asignaturas
12	reactivos	responsables
13	reactivos	salidas
14	reactivos	ubicaciones
\.


--
-- Data for Name: django_migrations; Type: TABLE DATA; Schema: public; Owner: postgres
--

COPY public.django_migrations (id, app, name, applied) FROM stdin;
1	contenttypes	0001_initial	2023-04-11 12:24:04.989432-05
2	auth	0001_initial	2023-04-11 12:24:06.906073-05
3	admin	0001_initial	2023-04-11 12:24:07.277137-05
4	admin	0002_logentry_remove_auto_add	2023-04-11 12:24:07.306039-05
5	admin	0003_logentry_add_action_flag_choices	2023-04-11 12:24:07.324542-05
6	contenttypes	0002_remove_content_type_name	2023-04-11 12:24:07.400559-05
7	auth	0002_alter_permission_name_max_length	2023-04-11 12:24:07.438975-05
8	auth	0003_alter_user_email_max_length	2023-04-11 12:24:07.456943-05
9	auth	0004_alter_user_username_opts	2023-04-11 12:24:07.469878-05
10	auth	0005_alter_user_last_login_null	2023-04-11 12:24:07.478205-05
11	auth	0006_require_contenttypes_0002	2023-04-11 12:24:07.499771-05
12	auth	0007_alter_validators_add_error_messages	2023-04-11 12:24:07.515908-05
13	auth	0008_alter_user_username_max_length	2023-04-11 12:24:07.606699-05
14	auth	0009_alter_user_last_name_max_length	2023-04-11 12:24:07.64814-05
15	auth	0010_alter_group_name_max_length	2023-04-11 12:24:07.670392-05
16	auth	0011_update_proxy_permissions	2023-04-11 12:24:07.67658-05
17	auth	0012_alter_user_first_name_max_length	2023-04-11 12:24:07.701127-05
18	reactivos	0001_initial	2023-04-11 12:24:07.964225-05
19	reactivos	0002_rename_reactivo_reactive	2023-04-11 12:24:07.991216-05
20	reactivos	0003_alter_reactive_unit	2023-04-11 12:24:08.00119-05
21	reactivos	0004_reactive_name_alter_reactive_color_and_more	2023-04-11 12:24:08.282854-05
22	reactivos	0005_alter_reactive_unit	2023-04-11 12:24:08.316647-05
23	sessions	0001_initial	2023-04-11 12:24:08.583262-05
24	reactivos	0006_reactive_is_active	2023-04-11 12:41:43.393405-05
25	reactivos	0007_rename_reactive_reactivos_rename_unity_unidades_and_more	2023-04-11 14:03:52.788758-05
26	reactivos	0008_alter_reactivos_subnumber	2023-04-12 11:13:44.292885-05
27	reactivos	0009_alter_reactivos_subnumber	2023-04-12 11:17:37.527406-05
28	reactivos	0010_alter_reactivos_subnumber	2023-04-12 11:20:36.677477-05
29	reactivos	0011_alter_reactivos_subnumber	2023-04-12 11:22:52.616112-05
30	reactivos	0012_alter_reactivos_subnumber	2023-04-12 11:29:25.625114-05
31	reactivos	0013_marcas_alter_reactivos_options_and_more	2023-04-21 09:22:01.771595-05
32	reactivos	0014_destinos	2023-04-21 11:12:48.740053-05
33	reactivos	0015_asignaturas	2023-04-21 13:38:50.954912-05
34	reactivos	0016_responsables	2023-04-21 14:11:13.955358-05
35	reactivos	0017_alter_responsables_phone	2023-04-21 14:44:17.749134-05
36	reactivos	0018_salidas	2023-04-21 15:33:46.700195-05
37	reactivos	0019_salidas_out_reagent	2023-04-21 15:54:29.496234-05
38	reactivos	0020_remove_salidas_containernumber_and_more	2023-04-21 16:11:00.630798-05
39	reactivos	0021_remove_salidas_density	2023-04-26 10:21:28.543487-05
40	reactivos	0022_remove_reactivos_density_reactivos_cas_and_more	2023-04-26 16:28:41.897175-05
41	reactivos	0023_reactivos_is_liquid	2023-04-26 16:39:12.826394-05
42	reactivos	0024_reactivos_wlocation_alter_asignaturas_name_and_more	2023-04-27 15:14:59.661229-05
43	reactivos	0025_remove_salidas_out_reagent_salidas_location	2023-04-28 13:12:14.12785-05
44	reactivos	0026_alter_salidas_is_liquid	2023-04-28 13:18:16.657037-05
45	reactivos	0027_ubicaciones	2023-05-04 08:15:35.787886-05
46	reactivos	0028_alter_salidas_location	2023-05-04 08:18:11.678957-05
47	reactivos	0029_alter_ubicaciones_options_and_more	2023-05-04 11:31:48.884365-05
48	reactivos	0030_alter_ubicaciones_name	2023-05-04 11:45:43.721099-05
\.


--
-- Data for Name: django_session; Type: TABLE DATA; Schema: public; Owner: postgres
--

COPY public.django_session (session_key, session_data, expire_date) FROM stdin;
ny9gk7cu81ft7kk554ngl4p5v0tsz46k	.eJxVjMsOwiAQRf-FtSEgb5fu_QYyMINUDSSlXRn_3TbpQrfnnHvfLMK61LgOmuOE7MIkO_2yBPlJbRf4gHbvPPe2zFPie8IPO_itI72uR_t3UGHUbX12NuXgXSoa0ErltEnKe2kFOPIUjLA6Z7MhEokUqGBdsQgZnS5oNPt8AdGBN78:1pmIcL:fn-NHbc-y7ghKQlfPet6k9Oc7afTIkMi02gN8HJFqLw	2023-04-25 13:21:21.849178-05
fr4r9hnh5z61muhkxfj2ssvr1ei9chh7	.eJxVjMsOwiAQRf-FtSEgb5fu_QYyMINUDSSlXRn_3TbpQrfnnHvfLMK61LgOmuOE7MIkO_2yBPlJbRf4gHbvPPe2zFPie8IPO_itI72uR_t3UGHUbX12NuXgXSoa0ErltEnKe2kFOPIUjLA6Z7MhEokUqGBdsQgZnS5oNPt8AdGBN78:1pn4Sj:2KIOsZVP_CCbgs4tE9xEriAPsU3IbEdg9LKRbjMbzAI	2023-04-27 16:26:37.501347-05
nynwywgc9ddrfkwfxrf99drat9fioc2s	.eJxVjMsOwiAQRf-FtSEgb5fu_QYyMINUDSSlXRn_3TbpQrfnnHvfLMK61LgOmuOE7MIkO_2yBPlJbRf4gHbvPPe2zFPie8IPO_itI72uR_t3UGHUbX12NuXgXSoa0ErltEnKe2kFOPIUjLA6Z7MhEokUqGBdsQgZnS5oNPt8AdGBN78:1pprWR:SB_OCJUdCDq1XfvbEmYf6QA02N0qMyJbCdkPPIKTrsQ	2023-05-05 09:13:59.304309-05
bvqmhtx477pch1xrc5cpz80otbvo10oy	.eJxVjMsOwiAQRf-FtSEgb5fu_QYyMINUDSSlXRn_3TbpQrfnnHvfLMK61LgOmuOE7MIkO_2yBPlJbRf4gHbvPPe2zFPie8IPO_itI72uR_t3UGHUbX12NuXgXSoa0ErltEnKe2kFOPIUjLA6Z7MhEokUqGBdsQgZnS5oNPt8AdGBN78:1prfpF:4tcC9dCqMCyHU6T0sSyhbpQld2p_w7fb0e-uy7d7JeE	2023-05-10 09:08:53.280173-05
\.


--
-- Data for Name: reactivos_destinos; Type: TABLE DATA; Schema: public; Owner: postgres
--

COPY public.reactivos_destinos (id, name) FROM stdin;
4	Docencia
5	Investigación
6	Extensión
7	No Aplica
9	Otro destino
10	Un nuevo destino
\.


--
-- Data for Name: reactivos_marcas; Type: TABLE DATA; Schema: public; Owner: postgres
--

COPY public.reactivos_marcas (id, name) FROM stdin;
6	BDH
7	Biopack
8	Carlo Erba
9	Fisher
10	Panreac
11	RA CHEMICALS
12	XXX
13	Protokimica
\.


--
-- Data for Name: reactivos_reactivos; Type: TABLE DATA; Schema: public; Owner: postgres
--

COPY public.reactivos_reactivos (id, color, number, subnumber, code, unit_id, name, is_active, cas, is_liquid, wlocation) FROM stdin;
27	3	003	1	3-003-1	6	Soda Cáustica	t	1111111	NO	Lateral izquierdo
25	1	001	A	1-001-A	8	Ácido sulfúrico	t	25179480	SI	Parte baja
26	3	003	B	3-003-B	8	Ácido sulfhídrico	t	18517322	SI	Parte Alta
28	1	001	0	1-001	6	Cloruro de sodio	t	42055750	NO	Parte baja
29	1	001	B	1-001-B	6	Sulfato de Zinc	t	4442763	NO	Lateral izquierdo
32	1	001	0	1-001	8	Hidróxido amónico	t	123454454	SI	Lateral izquierdo
33	1	115	1	1-115-1	8	Agua oxigenada	t	123454454	SI	Lateral derecho
34	1	012	12	1-012-12	8	Acetona	t	2121212	SI	Parte Central
35	1	002	3	1-002-3	8	Etanol	t	211212	SI	Lateral derecho
36	3	005	N	3-005-N	6	Cobre en barra	t	3116134662	NO	Parte baja
38	1	001	N	1-001-N	6	L-Cisteína	t	hghghghg	NO	Parte Central
39	2	003	MM	2-003-MM	6	Cobre en polvo	t	3217826338	NO	Parte Alta
40	3	003	MM	3-003-MM	6	Difenilcarbazida	t	3187280298	NO	Parte Alta
41	6	005	MM	6-005-MM	6	Colorante para alimentos (Rojo escarlata)	t	321701	NO	Parte baja
42	9	004	X	9-004-X	6	Nitro fenol (para)	t	311613	NO	Parte Alta
43	5	010	0	5-010	6	TITRIPLEX - acido etilendiamina tetracético 	t	303300	NO	Lateral izquierdo
44	15	022	B	15-022-B	6	Indicador buffer tabletas	t	318720	NO	Lateral izquierdo
45	121	126	0	121-126	6	Colofonia	t	312270	NO	Parte Central
46	344	955	A	344-955-A	6	Potasio acetato 	t	1692298	NO	Parte Alta
47	188	922	X	188-922-X	6	Acido acético analítico	t	312730	NO	Parte Alta
48	788	944	Z	788-944-Z	6	Alcohol metílico	t	135	NO	Parte baja
49	644	545	X	644-545-X	6	Dioxano o dietilen dióxido	t	154	NO	Parte Alta
50	944	944	Z	944-944-Z	6	Éter dietílico analítico	t	654	NO	Parte Central
51	344	988	A	344-988-A	6	Hexano	t	11111	NO	Lateral derecho
52	334	458	T	334-458-T	6	Pentano	t	1004	NO	Parte Central
53	8	006	T	8-006-T	6	Hidroxilamina clorhidrato	t	1005	NO	Lateral derecho
54	22	222	Y	22-222-Y	6	Naftaleno	t	222665	NO	Parte Central
55	5	006	0	5-006	6	Metilo acetato	t	544	NO	Lateral izquierdo
56	133	002	Y	133-002-Y	6	Sodio sulfito  9H2O	t	99999	NO	Lateral izquierdo
57	3	004	A	3-004-A	6	Acido adípico	t	3465464	NO	Parte baja
58	3	004	B	3-004-B	6	Acido tioglicólico	t	346546	NO	Parte baja
\.


--
-- Data for Name: reactivos_responsables; Type: TABLE DATA; Schema: public; Owner: postgres
--

COPY public.reactivos_responsables (id, name, mail, phone, is_active) FROM stdin;
9	Cristian Dallos	cddallos@unal.edu.co	333333333	t
10	Camilo Salgado	csalgado@unal.edu.co	321455752454	t
11	Andrés Rivera Giraldo	mriveragi@unal.edu.co	3217826338	t
12	Marcela Jaramillo	periodistajaramillo@gmail.com	3217826337	t
13	Mariel Rivera	notengo@notengo.com	3116134662	t
14	Edinson Rubian Benavides	erbenavides@unal.edu.co	33333333	t
15	Belarmino Segura	bsegurag@unal.edu.co	3437447	t
\.


--
-- Data for Name: reactivos_salidas; Type: TABLE DATA; Schema: public; Owner: postgres
--

COPY public.reactivos_salidas (id, date, reference, weight, is_liquid, observations, destination_id, manager_id, name_id, trademark_id, location_id) FROM stdin;
150	2023-05-04 08:53:47-05		2000.0000	NO	Prueba inserción nueva ubicaciones	5	12	38	6	4
151	2023-05-04 10:22:38-05		5000.0000	NO		4	9	41	6	3
152	2023-05-04 10:24:42-05		50000.0000	NO	kjfdhjsdh	4	9	29	6	1
153	2023-05-04 10:34:52-05		3000.0000	SI	Prueba	4	9	32	6	1
154	2023-05-04 12:25:32-05		3000.0000	SI	Prueba	9	11	26	6	10
155	2023-05-04 12:48:53-05		5000.0000	NO		10	13	28	12	6
\.


--
-- Data for Name: reactivos_ubicaciones; Type: TABLE DATA; Schema: public; Owner: postgres
--

COPY public.reactivos_ubicaciones (id, name) FROM stdin;
1	Laboratorio de Química
2	Práctica de titulación
3	Laboratorio de mezclas
4	Prácticas Internas
5	No Aplica
6	Laboratorio de aguas
7	Química C
8	Laboratorio de creación de mezclas
9	Laboratorio de cortes láser
10	Manejo de residuos sólidos
\.


--
-- Data for Name: reactivos_unidades; Type: TABLE DATA; Schema: public; Owner: postgres
--

COPY public.reactivos_unidades (id, name) FROM stdin;
6	g
7	kg
8	ml
9	l
23	julios
24	MegaKg
25	BDH
26	Nitro fenol (para)
27	Megajulios
28	kilotones
\.


--
-- Name: auth_group_id_seq; Type: SEQUENCE SET; Schema: public; Owner: postgres
--

SELECT pg_catalog.setval('public.auth_group_id_seq', 1, false);


--
-- Name: auth_group_permissions_id_seq; Type: SEQUENCE SET; Schema: public; Owner: postgres
--

SELECT pg_catalog.setval('public.auth_group_permissions_id_seq', 1, false);


--
-- Name: auth_permission_id_seq; Type: SEQUENCE SET; Schema: public; Owner: postgres
--

SELECT pg_catalog.setval('public.auth_permission_id_seq', 64, true);


--
-- Name: auth_user_groups_id_seq; Type: SEQUENCE SET; Schema: public; Owner: postgres
--

SELECT pg_catalog.setval('public.auth_user_groups_id_seq', 1, false);


--
-- Name: auth_user_id_seq; Type: SEQUENCE SET; Schema: public; Owner: postgres
--

SELECT pg_catalog.setval('public.auth_user_id_seq', 1, true);


--
-- Name: auth_user_user_permissions_id_seq; Type: SEQUENCE SET; Schema: public; Owner: postgres
--

SELECT pg_catalog.setval('public.auth_user_user_permissions_id_seq', 1, false);


--
-- Name: django_admin_log_id_seq; Type: SEQUENCE SET; Schema: public; Owner: postgres
--

SELECT pg_catalog.setval('public.django_admin_log_id_seq', 66, true);


--
-- Name: django_content_type_id_seq; Type: SEQUENCE SET; Schema: public; Owner: postgres
--

SELECT pg_catalog.setval('public.django_content_type_id_seq', 14, true);


--
-- Name: django_migrations_id_seq; Type: SEQUENCE SET; Schema: public; Owner: postgres
--

SELECT pg_catalog.setval('public.django_migrations_id_seq', 48, true);


--
-- Name: reactivos_destinos_id_seq; Type: SEQUENCE SET; Schema: public; Owner: postgres
--

SELECT pg_catalog.setval('public.reactivos_destinos_id_seq', 10, true);


--
-- Name: reactivos_marcas_id_seq; Type: SEQUENCE SET; Schema: public; Owner: postgres
--

SELECT pg_catalog.setval('public.reactivos_marcas_id_seq', 13, true);


--
-- Name: reactivos_reactivo_id_seq; Type: SEQUENCE SET; Schema: public; Owner: postgres
--

SELECT pg_catalog.setval('public.reactivos_reactivo_id_seq', 58, true);


--
-- Name: reactivos_responsables_id_seq; Type: SEQUENCE SET; Schema: public; Owner: postgres
--

SELECT pg_catalog.setval('public.reactivos_responsables_id_seq', 15, true);


--
-- Name: reactivos_salidas_id_seq; Type: SEQUENCE SET; Schema: public; Owner: postgres
--

SELECT pg_catalog.setval('public.reactivos_salidas_id_seq', 155, true);


--
-- Name: reactivos_ubicaciones_id_seq; Type: SEQUENCE SET; Schema: public; Owner: postgres
--

SELECT pg_catalog.setval('public.reactivos_ubicaciones_id_seq', 10, true);


--
-- Name: reactivos_unity_id_seq; Type: SEQUENCE SET; Schema: public; Owner: postgres
--

SELECT pg_catalog.setval('public.reactivos_unity_id_seq', 28, true);


--
-- Name: auth_group auth_group_name_key; Type: CONSTRAINT; Schema: public; Owner: postgres
--

ALTER TABLE ONLY public.auth_group
    ADD CONSTRAINT auth_group_name_key UNIQUE (name);


--
-- Name: auth_group_permissions auth_group_permissions_group_id_permission_id_0cd325b0_uniq; Type: CONSTRAINT; Schema: public; Owner: postgres
--

ALTER TABLE ONLY public.auth_group_permissions
    ADD CONSTRAINT auth_group_permissions_group_id_permission_id_0cd325b0_uniq UNIQUE (group_id, permission_id);


--
-- Name: auth_group_permissions auth_group_permissions_pkey; Type: CONSTRAINT; Schema: public; Owner: postgres
--

ALTER TABLE ONLY public.auth_group_permissions
    ADD CONSTRAINT auth_group_permissions_pkey PRIMARY KEY (id);


--
-- Name: auth_group auth_group_pkey; Type: CONSTRAINT; Schema: public; Owner: postgres
--

ALTER TABLE ONLY public.auth_group
    ADD CONSTRAINT auth_group_pkey PRIMARY KEY (id);


--
-- Name: auth_permission auth_permission_content_type_id_codename_01ab375a_uniq; Type: CONSTRAINT; Schema: public; Owner: postgres
--

ALTER TABLE ONLY public.auth_permission
    ADD CONSTRAINT auth_permission_content_type_id_codename_01ab375a_uniq UNIQUE (content_type_id, codename);


--
-- Name: auth_permission auth_permission_pkey; Type: CONSTRAINT; Schema: public; Owner: postgres
--

ALTER TABLE ONLY public.auth_permission
    ADD CONSTRAINT auth_permission_pkey PRIMARY KEY (id);


--
-- Name: auth_user_groups auth_user_groups_pkey; Type: CONSTRAINT; Schema: public; Owner: postgres
--

ALTER TABLE ONLY public.auth_user_groups
    ADD CONSTRAINT auth_user_groups_pkey PRIMARY KEY (id);


--
-- Name: auth_user_groups auth_user_groups_user_id_group_id_94350c0c_uniq; Type: CONSTRAINT; Schema: public; Owner: postgres
--

ALTER TABLE ONLY public.auth_user_groups
    ADD CONSTRAINT auth_user_groups_user_id_group_id_94350c0c_uniq UNIQUE (user_id, group_id);


--
-- Name: auth_user auth_user_pkey; Type: CONSTRAINT; Schema: public; Owner: postgres
--

ALTER TABLE ONLY public.auth_user
    ADD CONSTRAINT auth_user_pkey PRIMARY KEY (id);


--
-- Name: auth_user_user_permissions auth_user_user_permissions_pkey; Type: CONSTRAINT; Schema: public; Owner: postgres
--

ALTER TABLE ONLY public.auth_user_user_permissions
    ADD CONSTRAINT auth_user_user_permissions_pkey PRIMARY KEY (id);


--
-- Name: auth_user_user_permissions auth_user_user_permissions_user_id_permission_id_14a6b632_uniq; Type: CONSTRAINT; Schema: public; Owner: postgres
--

ALTER TABLE ONLY public.auth_user_user_permissions
    ADD CONSTRAINT auth_user_user_permissions_user_id_permission_id_14a6b632_uniq UNIQUE (user_id, permission_id);


--
-- Name: auth_user auth_user_username_key; Type: CONSTRAINT; Schema: public; Owner: postgres
--

ALTER TABLE ONLY public.auth_user
    ADD CONSTRAINT auth_user_username_key UNIQUE (username);


--
-- Name: django_admin_log django_admin_log_pkey; Type: CONSTRAINT; Schema: public; Owner: postgres
--

ALTER TABLE ONLY public.django_admin_log
    ADD CONSTRAINT django_admin_log_pkey PRIMARY KEY (id);


--
-- Name: django_content_type django_content_type_app_label_model_76bd3d3b_uniq; Type: CONSTRAINT; Schema: public; Owner: postgres
--

ALTER TABLE ONLY public.django_content_type
    ADD CONSTRAINT django_content_type_app_label_model_76bd3d3b_uniq UNIQUE (app_label, model);


--
-- Name: django_content_type django_content_type_pkey; Type: CONSTRAINT; Schema: public; Owner: postgres
--

ALTER TABLE ONLY public.django_content_type
    ADD CONSTRAINT django_content_type_pkey PRIMARY KEY (id);


--
-- Name: django_migrations django_migrations_pkey; Type: CONSTRAINT; Schema: public; Owner: postgres
--

ALTER TABLE ONLY public.django_migrations
    ADD CONSTRAINT django_migrations_pkey PRIMARY KEY (id);


--
-- Name: django_session django_session_pkey; Type: CONSTRAINT; Schema: public; Owner: postgres
--

ALTER TABLE ONLY public.django_session
    ADD CONSTRAINT django_session_pkey PRIMARY KEY (session_key);


--
-- Name: reactivos_destinos reactivos_destinos_pkey; Type: CONSTRAINT; Schema: public; Owner: postgres
--

ALTER TABLE ONLY public.reactivos_destinos
    ADD CONSTRAINT reactivos_destinos_pkey PRIMARY KEY (id);


--
-- Name: reactivos_marcas reactivos_marcas_pkey; Type: CONSTRAINT; Schema: public; Owner: postgres
--

ALTER TABLE ONLY public.reactivos_marcas
    ADD CONSTRAINT reactivos_marcas_pkey PRIMARY KEY (id);


--
-- Name: reactivos_reactivos reactivos_reactivo_pkey; Type: CONSTRAINT; Schema: public; Owner: postgres
--

ALTER TABLE ONLY public.reactivos_reactivos
    ADD CONSTRAINT reactivos_reactivo_pkey PRIMARY KEY (id);


--
-- Name: reactivos_responsables reactivos_responsables_pkey; Type: CONSTRAINT; Schema: public; Owner: postgres
--

ALTER TABLE ONLY public.reactivos_responsables
    ADD CONSTRAINT reactivos_responsables_pkey PRIMARY KEY (id);


--
-- Name: reactivos_salidas reactivos_salidas_pkey; Type: CONSTRAINT; Schema: public; Owner: postgres
--

ALTER TABLE ONLY public.reactivos_salidas
    ADD CONSTRAINT reactivos_salidas_pkey PRIMARY KEY (id);


--
-- Name: reactivos_ubicaciones reactivos_ubicaciones_pkey; Type: CONSTRAINT; Schema: public; Owner: postgres
--

ALTER TABLE ONLY public.reactivos_ubicaciones
    ADD CONSTRAINT reactivos_ubicaciones_pkey PRIMARY KEY (id);


--
-- Name: reactivos_unidades reactivos_unity_pkey; Type: CONSTRAINT; Schema: public; Owner: postgres
--

ALTER TABLE ONLY public.reactivos_unidades
    ADD CONSTRAINT reactivos_unity_pkey PRIMARY KEY (id);


--
-- Name: auth_group_name_a6ea08ec_like; Type: INDEX; Schema: public; Owner: postgres
--

CREATE INDEX auth_group_name_a6ea08ec_like ON public.auth_group USING btree (name varchar_pattern_ops);


--
-- Name: auth_group_permissions_group_id_b120cbf9; Type: INDEX; Schema: public; Owner: postgres
--

CREATE INDEX auth_group_permissions_group_id_b120cbf9 ON public.auth_group_permissions USING btree (group_id);


--
-- Name: auth_group_permissions_permission_id_84c5c92e; Type: INDEX; Schema: public; Owner: postgres
--

CREATE INDEX auth_group_permissions_permission_id_84c5c92e ON public.auth_group_permissions USING btree (permission_id);


--
-- Name: auth_permission_content_type_id_2f476e4b; Type: INDEX; Schema: public; Owner: postgres
--

CREATE INDEX auth_permission_content_type_id_2f476e4b ON public.auth_permission USING btree (content_type_id);


--
-- Name: auth_user_groups_group_id_97559544; Type: INDEX; Schema: public; Owner: postgres
--

CREATE INDEX auth_user_groups_group_id_97559544 ON public.auth_user_groups USING btree (group_id);


--
-- Name: auth_user_groups_user_id_6a12ed8b; Type: INDEX; Schema: public; Owner: postgres
--

CREATE INDEX auth_user_groups_user_id_6a12ed8b ON public.auth_user_groups USING btree (user_id);


--
-- Name: auth_user_user_permissions_permission_id_1fbb5f2c; Type: INDEX; Schema: public; Owner: postgres
--

CREATE INDEX auth_user_user_permissions_permission_id_1fbb5f2c ON public.auth_user_user_permissions USING btree (permission_id);


--
-- Name: auth_user_user_permissions_user_id_a95ead1b; Type: INDEX; Schema: public; Owner: postgres
--

CREATE INDEX auth_user_user_permissions_user_id_a95ead1b ON public.auth_user_user_permissions USING btree (user_id);


--
-- Name: auth_user_username_6821ab7c_like; Type: INDEX; Schema: public; Owner: postgres
--

CREATE INDEX auth_user_username_6821ab7c_like ON public.auth_user USING btree (username varchar_pattern_ops);


--
-- Name: django_admin_log_content_type_id_c4bce8eb; Type: INDEX; Schema: public; Owner: postgres
--

CREATE INDEX django_admin_log_content_type_id_c4bce8eb ON public.django_admin_log USING btree (content_type_id);


--
-- Name: django_admin_log_user_id_c564eba6; Type: INDEX; Schema: public; Owner: postgres
--

CREATE INDEX django_admin_log_user_id_c564eba6 ON public.django_admin_log USING btree (user_id);


--
-- Name: django_session_expire_date_a5c62663; Type: INDEX; Schema: public; Owner: postgres
--

CREATE INDEX django_session_expire_date_a5c62663 ON public.django_session USING btree (expire_date);


--
-- Name: django_session_session_key_c0390e0f_like; Type: INDEX; Schema: public; Owner: postgres
--

CREATE INDEX django_session_session_key_c0390e0f_like ON public.django_session USING btree (session_key varchar_pattern_ops);


--
-- Name: reactivos_reactivo_unit_id_984dc7c4; Type: INDEX; Schema: public; Owner: postgres
--

CREATE INDEX reactivos_reactivo_unit_id_984dc7c4 ON public.reactivos_reactivos USING btree (unit_id);


--
-- Name: reactivos_salidas_destination_id_f1520ebe; Type: INDEX; Schema: public; Owner: postgres
--

CREATE INDEX reactivos_salidas_destination_id_f1520ebe ON public.reactivos_salidas USING btree (destination_id);


--
-- Name: reactivos_salidas_location_id_f4c5a049; Type: INDEX; Schema: public; Owner: postgres
--

CREATE INDEX reactivos_salidas_location_id_f4c5a049 ON public.reactivos_salidas USING btree (location_id);


--
-- Name: reactivos_salidas_manager_id_c3da0290; Type: INDEX; Schema: public; Owner: postgres
--

CREATE INDEX reactivos_salidas_manager_id_c3da0290 ON public.reactivos_salidas USING btree (manager_id);


--
-- Name: reactivos_salidas_name_id_3d79a5bb; Type: INDEX; Schema: public; Owner: postgres
--

CREATE INDEX reactivos_salidas_name_id_3d79a5bb ON public.reactivos_salidas USING btree (name_id);


--
-- Name: reactivos_salidas_trademark_id_6f4a0628; Type: INDEX; Schema: public; Owner: postgres
--

CREATE INDEX reactivos_salidas_trademark_id_6f4a0628 ON public.reactivos_salidas USING btree (trademark_id);


--
-- Name: auth_group_permissions auth_group_permissio_permission_id_84c5c92e_fk_auth_perm; Type: FK CONSTRAINT; Schema: public; Owner: postgres
--

ALTER TABLE ONLY public.auth_group_permissions
    ADD CONSTRAINT auth_group_permissio_permission_id_84c5c92e_fk_auth_perm FOREIGN KEY (permission_id) REFERENCES public.auth_permission(id) DEFERRABLE INITIALLY DEFERRED;


--
-- Name: auth_group_permissions auth_group_permissions_group_id_b120cbf9_fk_auth_group_id; Type: FK CONSTRAINT; Schema: public; Owner: postgres
--

ALTER TABLE ONLY public.auth_group_permissions
    ADD CONSTRAINT auth_group_permissions_group_id_b120cbf9_fk_auth_group_id FOREIGN KEY (group_id) REFERENCES public.auth_group(id) DEFERRABLE INITIALLY DEFERRED;


--
-- Name: auth_permission auth_permission_content_type_id_2f476e4b_fk_django_co; Type: FK CONSTRAINT; Schema: public; Owner: postgres
--

ALTER TABLE ONLY public.auth_permission
    ADD CONSTRAINT auth_permission_content_type_id_2f476e4b_fk_django_co FOREIGN KEY (content_type_id) REFERENCES public.django_content_type(id) DEFERRABLE INITIALLY DEFERRED;


--
-- Name: auth_user_groups auth_user_groups_group_id_97559544_fk_auth_group_id; Type: FK CONSTRAINT; Schema: public; Owner: postgres
--

ALTER TABLE ONLY public.auth_user_groups
    ADD CONSTRAINT auth_user_groups_group_id_97559544_fk_auth_group_id FOREIGN KEY (group_id) REFERENCES public.auth_group(id) DEFERRABLE INITIALLY DEFERRED;


--
-- Name: auth_user_groups auth_user_groups_user_id_6a12ed8b_fk_auth_user_id; Type: FK CONSTRAINT; Schema: public; Owner: postgres
--

ALTER TABLE ONLY public.auth_user_groups
    ADD CONSTRAINT auth_user_groups_user_id_6a12ed8b_fk_auth_user_id FOREIGN KEY (user_id) REFERENCES public.auth_user(id) DEFERRABLE INITIALLY DEFERRED;


--
-- Name: auth_user_user_permissions auth_user_user_permi_permission_id_1fbb5f2c_fk_auth_perm; Type: FK CONSTRAINT; Schema: public; Owner: postgres
--

ALTER TABLE ONLY public.auth_user_user_permissions
    ADD CONSTRAINT auth_user_user_permi_permission_id_1fbb5f2c_fk_auth_perm FOREIGN KEY (permission_id) REFERENCES public.auth_permission(id) DEFERRABLE INITIALLY DEFERRED;


--
-- Name: auth_user_user_permissions auth_user_user_permissions_user_id_a95ead1b_fk_auth_user_id; Type: FK CONSTRAINT; Schema: public; Owner: postgres
--

ALTER TABLE ONLY public.auth_user_user_permissions
    ADD CONSTRAINT auth_user_user_permissions_user_id_a95ead1b_fk_auth_user_id FOREIGN KEY (user_id) REFERENCES public.auth_user(id) DEFERRABLE INITIALLY DEFERRED;


--
-- Name: django_admin_log django_admin_log_content_type_id_c4bce8eb_fk_django_co; Type: FK CONSTRAINT; Schema: public; Owner: postgres
--

ALTER TABLE ONLY public.django_admin_log
    ADD CONSTRAINT django_admin_log_content_type_id_c4bce8eb_fk_django_co FOREIGN KEY (content_type_id) REFERENCES public.django_content_type(id) DEFERRABLE INITIALLY DEFERRED;


--
-- Name: django_admin_log django_admin_log_user_id_c564eba6_fk_auth_user_id; Type: FK CONSTRAINT; Schema: public; Owner: postgres
--

ALTER TABLE ONLY public.django_admin_log
    ADD CONSTRAINT django_admin_log_user_id_c564eba6_fk_auth_user_id FOREIGN KEY (user_id) REFERENCES public.auth_user(id) DEFERRABLE INITIALLY DEFERRED;


--
-- Name: reactivos_reactivos reactivos_reactivos_unit_id_ba3959d9_fk_reactivos_unidades_id; Type: FK CONSTRAINT; Schema: public; Owner: postgres
--

ALTER TABLE ONLY public.reactivos_reactivos
    ADD CONSTRAINT reactivos_reactivos_unit_id_ba3959d9_fk_reactivos_unidades_id FOREIGN KEY (unit_id) REFERENCES public.reactivos_unidades(id) DEFERRABLE INITIALLY DEFERRED;


--
-- Name: reactivos_salidas reactivos_salidas_destination_id_f1520ebe_fk_reactivos; Type: FK CONSTRAINT; Schema: public; Owner: postgres
--

ALTER TABLE ONLY public.reactivos_salidas
    ADD CONSTRAINT reactivos_salidas_destination_id_f1520ebe_fk_reactivos FOREIGN KEY (destination_id) REFERENCES public.reactivos_destinos(id) DEFERRABLE INITIALLY DEFERRED;


--
-- Name: reactivos_salidas reactivos_salidas_location_id_f4c5a049_fk_reactivos; Type: FK CONSTRAINT; Schema: public; Owner: postgres
--

ALTER TABLE ONLY public.reactivos_salidas
    ADD CONSTRAINT reactivos_salidas_location_id_f4c5a049_fk_reactivos FOREIGN KEY (location_id) REFERENCES public.reactivos_ubicaciones(id) DEFERRABLE INITIALLY DEFERRED;


--
-- Name: reactivos_salidas reactivos_salidas_manager_id_c3da0290_fk_reactivos; Type: FK CONSTRAINT; Schema: public; Owner: postgres
--

ALTER TABLE ONLY public.reactivos_salidas
    ADD CONSTRAINT reactivos_salidas_manager_id_c3da0290_fk_reactivos FOREIGN KEY (manager_id) REFERENCES public.reactivos_responsables(id) DEFERRABLE INITIALLY DEFERRED;


--
-- Name: reactivos_salidas reactivos_salidas_name_id_3d79a5bb_fk_reactivos_reactivos_id; Type: FK CONSTRAINT; Schema: public; Owner: postgres
--

ALTER TABLE ONLY public.reactivos_salidas
    ADD CONSTRAINT reactivos_salidas_name_id_3d79a5bb_fk_reactivos_reactivos_id FOREIGN KEY (name_id) REFERENCES public.reactivos_reactivos(id) DEFERRABLE INITIALLY DEFERRED;


--
-- Name: reactivos_salidas reactivos_salidas_trademark_id_6f4a0628_fk_reactivos_marcas_id; Type: FK CONSTRAINT; Schema: public; Owner: postgres
--

ALTER TABLE ONLY public.reactivos_salidas
    ADD CONSTRAINT reactivos_salidas_trademark_id_6f4a0628_fk_reactivos_marcas_id FOREIGN KEY (trademark_id) REFERENCES public.reactivos_marcas(id) DEFERRABLE INITIALLY DEFERRED;


--
-- PostgreSQL database dump complete
--

